keel_commit	smolbox_commit
80438ba44cb726a4e10c93c67f5a2f6d5b9987f6	2e40ef821525da6ed7f4e1f9166176d1bc02d498
28a5dc0d3cced9ed48fbee1cb4b209af7f596a01	3454bd61d22af6e87fcacee4136f6d6f521779d6
3e94970975ffdd1cb5214df8b9d88a2bf731a541	520dbf6de28fc4fa95eb29cf4fe7b02ea76d00f3
9ebf9eae95fca7d9f500311dfc32ab582d7ecb86	dc74636aa773b60dec651c8f334afc3d9b10ceca
b8932bb19f9d0c3a52ba2700619e013b00ac0c94	000dd694396a1dc4394200aead6ae31dfdad2e7b
9b50d04b44560b62adff3c79bf8dcef9781f0b7f	520d7116f6a7a5f8945254e5fd9e66b4f814289a
17063a964767a68ad4d9a143641986616a868b71	c53b1198e0fe66cfc125a25d8a516586057406ce
d63607e1a69c352b5e81db755094af1a7742a681	346c779a0bb554f8510a2c199aa2184dd6c30b6d
ff316e8e950232deb167ab7165da50702b0a76b4	8811c3ee838eca7d11e6fbebe7681ad80c2bd2eb
be21881295a0a0af0d63a35ee5f8d02e2fc69513	758d1de1f00674c3bd5c31561924b5368c5a6fe8
0349df17332f7d0053635cffaa6d7b2db9335720	828563ef6db47465606a9d50dfbb879e73d59642
688c15bc622e04b5ed60637d648b832e7282d634	0fe4c8d614fdbde2b28f26798008940286a1d1d2
10dba313ff84411785676471a19cd84b89173f85	fd1eee955bdd04e96c9e7f971ef402d0d1c280dd
fddc459986ba9e9be82c4d758d5e129f03cd4b3a	c137630a29d91a29cfdcf21926174d62a3a9d456
1328c7ab36aa1c9d72249fcd30fbe9c149fdc06b	07c1391119695cd33e70ae3c6f51d09e1ab24831
02b3fd070fdd187b91fd66f9592ae12bfd091a39	676683f481683d132336cf1c5489949d2cfbef64
137ed09b9fe6b6822b7f378ada97f8254a5376e7	953eadb48432766575991d4426928dbf70293cb9
c07c5ae3380637d2a1aa02256399b9b77b2c2ecf	1ca922dc4a0e3ae0653234c5b374bbe525701334
125754df3c553f63f9bf3205faa8d4a94873f16e	5726bee7ca7e169e3a019040a3fd1db3d06ab96c
cfdcbbaaeb302316090d3087ab4cbb9533eabb9b	6f5698e385b4970b7da37e04285deba233f57222
2b47f0417efa447014ce47eb882a21e48ad96ac6	77acc05b79a12e9f4b0585fe0b46c477452ba016
bf2bf9992c299b39f71ada9af8c3fde10d253477	a9ce88cc1f378b3e624c468a12ade2635f439d51
349fab6c751c405ea2675c3b06abcf3bd532103a	b4909dd55de97d0d103991b63a56ac77c9f82dee
6bf13053ce73e88d93de6d4fd650e6f8e708aa7a	3a4d1586bad0c5cd9b0e5e6f826ee3737875cd0b
4b4783bde8b92f63cf24437d04515f7fcb93c80f	470d03d3a73d965f9d42b85f002138c918c38555
4022244ae72cb3fce865ca5c91d5db86e7a9a5a7	5e49c2e10d63cab15a59a4b754e995ba633c2f91
a697edb92e13a9d3a01643d6575ce81ca89aa531	097ce28fe4cfdce71c41367e3ee02e0ba130be07
945f3ef98918fcbde767abfed01b4299ba4770d2	c6503a1cfc838227a3bcb88209e5880116a32564
f83adf7ed482a46068a55fe2a21ffce95e0bb68e	f21591257d28f074f7450b25d10c5c3c1cf4ee0a
c7db2be974534f6c83ff35da1f8fa58750c0eef9	1d3557553f5358b48cb6736fcf401148a2bb38ff
